{"cameraMode":{"drawMode":0,"name":"Shaded","section":"Shading Mode"},"sceneLighting":false,"audioPlay":false,"sceneViewState":{"m_AlwaysRefresh":false,"showFog":true,"showSkybox":false,"showFlares":true,"showImageEffects":true,"showParticleSystems":true,"showVisualEffectGraphs":true,"m_FxEnabled":true},"in2DMode":false,"pivot":{"x":11.665968894958496,"y":4.0890421867370609,"z":-1.3149032592773438},"rotation":{"x":-0.04829102009534836,"y":0.0020952043123543264,"z":-0.0001017193790175952,"w":-0.9988259077072144},"size":10.826218605041504,"orthographic":false}