{"cameraMode":{"drawMode":0,"name":"Shaded","section":"Shading Mode"},"sceneLighting":false,"audioPlay":false,"sceneViewState":{"m_AlwaysRefresh":false,"showFog":true,"showSkybox":false,"showFlares":true,"showImageEffects":true,"showParticleSystems":true,"showVisualEffectGraphs":true,"m_FxEnabled":true},"in2DMode":false,"pivot":{"x":-4.750709056854248,"y":2.691875457763672,"z":-3.3610191345214845},"rotation":{"x":-0.19112461805343629,"y":-0.003830418223515153,"z":0.0007455222075805068,"w":-0.9815526604652405},"size":17.776477813720704,"orthographic":false}