{"cameraMode":{"drawMode":0,"name":"Shaded","section":"Shading Mode"},"sceneLighting":true,"audioPlay":false,"sceneViewState":{"m_AlwaysRefresh":false,"showFog":true,"showSkybox":true,"showFlares":true,"showImageEffects":true,"showParticleSystems":true,"showVisualEffectGraphs":true,"m_FxEnabled":true},"in2DMode":false,"pivot":{"x":-8.859966278076172,"y":0.34000009298324587,"z":-0.41999995708465578},"rotation":{"x":0.0557720884680748,"y":0.01796458475291729,"z":-0.001003989833407104,"w":0.9982761740684509},"size":2.5427303314208986,"orthographic":false}