{"cameraMode":{"drawMode":0,"name":"Shaded","section":"Shading Mode"},"sceneLighting":true,"audioPlay":false,"sceneViewState":{"m_AlwaysRefresh":false,"showFog":true,"showSkybox":true,"showFlares":true,"showImageEffects":true,"showParticleSystems":true,"showVisualEffectGraphs":true,"m_FxEnabled":true},"in2DMode":false,"pivot":{"x":217.4202117919922,"y":153.47891235351563,"z":9.447059631347657},"rotation":{"x":0.12263815850019455,"y":0.07583857327699661,"z":-0.009400026872754097,"w":0.989503800868988},"size":142.16551208496095,"orthographic":false}